Soortgroep;Soorten;beheercode
broedvogels;Baardman;N05.03
broedvogels;blauwborst;N05.03
broedvogels;blauwe kiekendief;N05.03
broedvogels;bruine kiekendief;N05.03
broedvogels;buidelmees;N05.03
broedvogels;grote karekiet;N05.03
broedvogels;grote zilverreiger;N05.03
broedvogels;klein waterhoen;N05.03
broedvogels;kleinst waterhoen;N05.03
broedvogels;kwak;N05.03
broedvogels;lepelaar;N05.03
broedvogels;porseleinhoen;N05.03
broedvogels;purperreiger;N05.03
broedvogels;rietzanger;N05.03
broedvogels;roerdomp;N05.03
broedvogels;snor;N05.03
broedvogels;sprinkhaanzanger;N05.03
broedvogels;waterral;N05.03
broedvogels;woudaap.;N05.03
broedvogels;Baardman;N05.04
broedvogels;blauwborst;N05.04
broedvogels;blauwe kiekendief;N05.04
broedvogels;bruine kiekendief;N05.04
broedvogels;buidelmees;N05.04
broedvogels;grote karekiet;N05.04
broedvogels;grote zilverreiger;N05.04
broedvogels;klein waterhoen;N05.04
broedvogels;kleinst waterhoen;N05.04
broedvogels;kwak;N05.04
broedvogels;lepelaar;N05.04
broedvogels;porseleinhoen;N05.04
broedvogels;purperreiger;N05.04
broedvogels;rietzanger;N05.04
broedvogels;roerdomp;N05.04
broedvogels;snor;N05.04
broedvogels;sprinkhaanzanger;N05.04
broedvogels;waterral;N05.04
broedvogels;woudaap.;N05.04
broedvogels;appelvink;N01.03
broedvogels;baardman;N01.03
broedvogels;bergeend;N01.03
broedvogels;blauwborst;N01.03
broedvogels;blauwe kiekendief;N01.03
broedvogels;boomkruiper;N01.03
broedvogels;bosrietzanger;N01.03
broedvogels;bruine kiekendief;N01.03
broedvogels;buidelmees;N01.03
broedvogels;geelgors;N01.03
broedvogels;gekraagde roodstaart;N01.03
broedvogels;gele kwikstaart;N01.03
broedvogels;grasmus;N01.03
broedvogels;graspieper;N01.03
broedvogels;grauwe klauwier;N01.03
broedvogels;grauwe vliegenvanger;N01.03
broedvogels;grote bonte specht;N01.03
broedvogels;grote karekiet;N01.03
broedvogels;grote zilverreiger;N01.03
broedvogels;grutto;N01.03
broedvogels;kemphaan;N01.03
broedvogels;klein waterhoen;N01.03
broedvogels;kleine bonte specht;N01.03
broedvogels;kleine plevier;N01.03
broedvogels;kleinst waterhoen;N01.03
broedvogels;kluut;N01.03
broedvogels;kneu;N01.03
broedvogels;kwak;N01.03
broedvogels;kwartelkoning;N01.03
broedvogels;lepelaar;N01.03
broedvogels;matkop;N01.03
broedvogels;nachtegaal;N01.03
broedvogels;paapje;N01.03
broedvogels;patrijs;N01.03
broedvogels;porseleinhoen;N01.03
broedvogels;purperreiger;N01.03
broedvogels;putter;N01.03
broedvogels;rietzanger;N01.03
broedvogels;roerdomp;N01.03
broedvogels;roodborsttapuit;N01.03
broedvogels;scholekster;N01.03
broedvogels;slobeend;N01.03
broedvogels;snor;N01.03
broedvogels;spotvogel;N01.03
broedvogels;sprinkhaanzanger;N01.03
broedvogels;tureluur;N01.03
broedvogels;visdief;N01.03
broedvogels;waterral;N01.03
broedvogels;watersnip;N01.03
broedvogels;wielewaal;N01.03
broedvogels;woudaap;N01.03
broedvogels;zomertaling;N01.03
broedvogels;zwarte stern;N01.03
broedvogels;appelvink;N01.04
broedvogels;blauwborst;N01.04
broedvogels;boomklever;N01.04
broedvogels;boomkruiper;N01.04
broedvogels;boomleeuwerik;N01.04
broedvogels;bosrietzanger;N01.04
broedvogels;draaihals;N01.04
broedvogels;duinpieper;N01.04
broedvogels;fluiter;N01.04
broedvogels;geelgors;N01.04
broedvogels;gekraagde roodstaart;N01.04
broedvogels;geoorde fuut;N01.04
broedvogels;goudplevier;N01.04
broedvogels;grasmus;N01.04
broedvogels;grauwe klauwier;N01.04
broedvogels;grauwe vliegenvanger;N01.04
broedvogels;groene specht;N01.04
broedvogels;grote bonte specht;N01.04
broedvogels;klapekster;N01.04
broedvogels;kleine bonte specht;N01.04
broedvogels;kneu;N01.04
broedvogels;korhoen;N01.04
broedvogels;kraanvogel;N01.04
broedvogels;kwak;N01.04
broedvogels;matkop;N01.04
broedvogels;middelste bonte specht;N01.04
broedvogels;nachtegaal;N01.04
broedvogels;paapje;N01.04
broedvogels;putter;N01.04
broedvogels;raaf;N01.04
broedvogels;roodborsttapuit;N01.04
broedvogels;spotvogel;N01.04
broedvogels;sprinkhaanzanger;N01.04
broedvogels;tapuit;N01.04
broedvogels;veldleeuwerik;N01.04
broedvogels;watersnip;N01.04
broedvogels;wespendief;N01.04
broedvogels;wielewaal;N01.04
broedvogels;wulp;N01.04
broedvogels;zwarte specht;N01.04
broedvogels;appelvink;N16.04
broedvogels;blauwborst;N16.04
broedvogels;boomklever;N16.04
broedvogels;boomkruiper;N16.04
broedvogels;fluiter;N16.04
broedvogels;groene specht;N16.04
broedvogels;grote bonte specht;N16.04
broedvogels;keep;N16.04
broedvogels;kleine bonte specht;N16.04
broedvogels;matkop;N16.04
broedvogels;middelste bonte specht;N16.04
broedvogels;nachtegaal;N16.04
broedvogels;sijs;N16.04
broedvogels;vuurgoudhaan;N16.04
broedvogels;wielewaal;N16.04
broedvogels;zwarte specht;N16.04
broedvogels;appelvink;N14.01
broedvogels;blauwborst;N14.01
broedvogels;kleine bonte specht;N14.01
broedvogels;kwak;N14.01
broedvogels;nachtegaal;N14.01
broedvogels;wielewaal;N14.01
broedvogels;appelvink;N15.02
broedvogels;boomklever;N15.02
broedvogels;boomleeuwerik;N15.02
broedvogels;fluiter;N15.02
broedvogels;geelgors;N15.02
broedvogels;groene specht;N15.02
broedvogels;keep;N15.02
broedvogels;kleine bonte specht;N15.02
broedvogels;middelste bonte specht;N15.02
broedvogels;raaf;N15.02
broedvogels;sijs;N15.02
broedvogels;vuurgoudhaan;N15.02
broedvogels;wespendief;N15.02
broedvogels;wielewaal;N15.02
broedvogels;zwarte specht;N15.02
broedvogels;appelvink;N16.03
broedvogels;boomklever;N16.03
broedvogels;boomleeuwerik;N16.03
broedvogels;fluiter;N16.03
broedvogels;geelgors;N16.03
broedvogels;groene specht;N16.03
broedvogels;keep;N16.03
broedvogels;kleine bonte specht;N16.03
broedvogels;middelste bonte specht;N16.03
broedvogels;raaf;N16.03
broedvogels;sijs;N16.03
broedvogels;vuurgoudhaan;N16.03
broedvogels;wespendief;N16.03
broedvogels;wielewaal;N16.03
broedvogels;zwarte specht;N16.03
broedvogels;appelvink;N14.03
broedvogels;boomklever;N14.03
broedvogels;boomleeuwerik;N14.03
broedvogels;fluiter;N14.03
broedvogels;groene specht;N14.03
broedvogels;kleine bonte specht;N14.03
broedvogels;middelste bonte specht;N14.03
broedvogels;nachtegaal;N14.03
broedvogels;wielewaal;N14.03
broedvogels;zwarte specht;N14.03
broedvogels;appelvink;N17.03
broedvogels;boomklever;N17.03
broedvogels;fluiter;N17.03
broedvogels;gekraagde roodstaart;N17.03
broedvogels;groene specht;N17.03
broedvogels;grote bonte specht;N17.03
broedvogels;kleine bonte specht;N17.03
broedvogels;middelste bonte specht;N17.03
broedvogels;nachtegaal;N17.03
broedvogels;wielewaal;N17.03
broedvogels;zwarte specht;N17.03
broedvogels;baardman;N05.01
broedvogels;blauwborst;N05.01
broedvogels;blauwe kiekendief;N05.01
broedvogels;bruine kiekendief;N05.01
broedvogels;buidelmees;N05.01
broedvogels;grote karekiet;N05.01
broedvogels;grote zilverreiger;N05.01
broedvogels;klein waterhoen;N05.01
broedvogels;kleinst waterhoen;N05.01
broedvogels;kwak;N05.01
broedvogels;lepelaar;N05.01
broedvogels;porseleinhoen;N05.01
broedvogels;purperreiger;N05.01
broedvogels;rietzanger;N05.01
broedvogels;roerdomp;N05.01
broedvogels;snor;N05.01
broedvogels;sprinkhaanzanger;N05.01
broedvogels;waterral;N05.01
broedvogels;woudaap;N05.01
broedvogels;baardman;N05.02
broedvogels;blauwborst;N05.02
broedvogels;blauwe kiekendief;N05.02
broedvogels;bruine kiekendief;N05.02
broedvogels;buidelmees;N05.02
broedvogels;grote karekiet;N05.02
broedvogels;grote zilverreiger;N05.02
broedvogels;klein waterhoen;N05.02
broedvogels;kleinst waterhoen;N05.02
broedvogels;kwak;N05.02
broedvogels;lepelaar;N05.02
broedvogels;porseleinhoen;N05.02
broedvogels;purperreiger;N05.02
broedvogels;rietzanger;N05.02
broedvogels;roerdomp;N05.02
broedvogels;snor;N05.02
broedvogels;sprinkhaanzanger;N05.02
broedvogels;waterral;N05.02
broedvogels;woudaap;N05.02
broedvogels;bergeend;N01.02
broedvogels;blauwborst;N01.02
broedvogels;blauwe kiekendief;N01.02
broedvogels;bontbekplevier;N01.02
broedvogels;boomleeuwerik;N01.02
broedvogels;braamsluiper;N01.02
broedvogels;duinpieper;N01.02
broedvogels;dodaars;N01.02
broedvogels;dwergstern;N01.02
broedvogels;eider;N01.02
broedvogels;gele kwikstaart;N01.02
broedvogels;graspieper;N01.02
broedvogels;grauwe klauwier;N01.02
broedvogels;griel;N01.02
broedvogels;grote sternkemphaan;N01.02
broedvogels;kleine barmsijs;N01.02
broedvogels;kleine bonte specht;N01.02
broedvogels;kleine mantelmeeuw;N01.02
broedvogels;kleine plevier;N01.02
broedvogels;kluut;N01.02
broedvogels;kneu;N01.02
broedvogels;lepelaar;N01.02
broedvogels;nachtegaal;N01.02
broedvogels;noordse stern;N01.02
broedvogels;paapje;N01.02
broedvogels;roerdomp;N01.02
broedvogels;roodborsttapuit;N01.02
broedvogels;scholekster;N01.02
broedvogels;slechtvalk;N01.02
broedvogels;sprinkhaanzanger;N01.02
broedvogels;stormmeeuw;N01.02
broedvogels;strandplevier;N01.02
broedvogels;tapuit;N01.02
broedvogels;tureluur;N01.02
broedvogels;veldleeuwerik;N01.02
broedvogels;velduil;N01.02
broedvogels;visdief;N01.02
broedvogels;watersnip;N01.02
broedvogels;wielewaal;N01.02
broedvogels;wintertaling;N01.02
broedvogels;wulp;N01.02
broedvogels;zilvermeeuw;N01.02
broedvogels;zomertaling;N01.02
broedvogels;bergeend;N08.02
broedvogels;blauwe kiekendief;N08.02
broedvogels;braamsluiper;N08.02
broedvogels;eider;N08.02
broedvogels;graspieper;N08.02
broedvogels;grauwe klauwier;N08.02
broedvogels;kneu;N08.02
broedvogels;nachtegaal;N08.02
broedvogels;paapje;N08.02
broedvogels;roodborsttapuit;N08.02
broedvogels;tapuit;N08.02
broedvogels;veldleeuwerik;N08.02
broedvogels;velduil;N08.02
broedvogels;wulp;N08.02
broedvogels;bergeend;N09.01
broedvogels;blauwe kiekendief;N09.01
broedvogels;grutto;N09.01
broedvogels;kluut;N09.01
broedvogels;lepelaar;N09.01
broedvogels;scholekster;N09.01
broedvogels;tureluur;N09.01
broedvogels;visdief;N09.01
broedvogels;blauwborst;N08.03
broedvogels;blauwe kiekendief;N08.03
broedvogels;dodaars;N08.03
broedvogels;paapje;N08.03
broedvogels;roerdomp;N08.03
broedvogels;sprinkhaanzanger;N08.03
broedvogels;tureluur;N08.03
broedvogels;veldleeuwerik;N08.03
broedvogels;wintertaling;N08.03
broedvogels;wulp;N08.03
broedvogels;blauwborst;N14.02
broedvogels;boomkruiper;N14.02
broedvogels;gekraagde roodstaart;N14.02
broedvogels;grauwe vliegenvanger;N14.02
broedvogels;grote bonte specht;N14.02
broedvogels;kleine bonte specht;N14.02
broedvogels;matkop;N14.02
broedvogels;nachtegaal;N14.02
broedvogels;wielewaal;N14.02
broedvogels;blauwborst;N17.06
broedvogels;boompieper;N17.06
broedvogels;gekraagde roodstaart;N17.06
broedvogels;havik;N17.06
broedvogels;matkop;N17.06
broedvogels;nachtegaal;N17.06
broedvogels;putter;N17.06
broedvogels;spotvogel;N17.06
broedvogels;wielewaal;N17.06
broedvogels;appelvink;N17.06
broedvogels;blauwborst;N17.05
broedvogels;buidelmees;N17.05
broedvogels;cetti’s zanger;N17.05
broedvogels;kneu;N17.05
broedvogels;matkop;N17.05
broedvogels;spotvogel;N17.05
broedvogels;sprinkhaanzanger;N17.05
broedvogels;nachtegaal;N17.05
broedvogels;woudaap;N17.05
broedvogels;blauwborst;N06.03
broedvogels;geoorde fuut;N06.03
broedvogels;goudplevier;N06.03
broedvogels;kraanvogel;N06.03
broedvogels;paapje;N06.03
broedvogels;roodborsttapuit;N06.03
broedvogels;watersnip;N06.03
broedvogels;wulp;N06.03
broedvogels;blauwborst;N15.01
broedvogels;groene specht;N15.01
broedvogels;grote bonte specht;N15.01
broedvogels;kleine barmsijs;N15.01
broedvogels;kleine bonte specht;N15.01
broedvogels;nachtegaal;N15.01
broedvogels;wielewaal;N15.01
broedvogels;zwarte specht;N15.01
broedvogels;blauwe kiekendief;N08.04
broedvogels;boomleeuwerik;N08.04
broedvogels;paapje;N08.04
broedvogels;roodborsttapuit;N08.04
broedvogels;velduil;N08.04
broedvogels;wulp;N08.04
broedvogels;bontbekplevier;N08.01
broedvogels;dwergstern;N08.01
broedvogels;grote stern;N08.01
broedvogels;kluut;N08.01
broedvogels;noordse stern;N08.01
broedvogels;strandplevier;N08.01
broedvogels;visdief;N08.01
broedvogels;boomleeuwerik;N17.02
broedvogels;boompieper;N17.02
broedvogels;geelgors;N17.02
broedvogels;gekraagde roodstaart;N17.02
broedvogels;groenling;N17.02
broedvogels;putter;N17.02
broedvogels;boomleeuwerik;N07.01
broedvogels;draaihals;N07.01
broedvogels;geelgors;N07.01
broedvogels;grauwe klauwier;N07.01
broedvogels;klapekster;N07.01
broedvogels;korhoen;N07.01
broedvogels;roodborsttapuit;N07.01
broedvogels;tapuit;N07.01
broedvogels;veldleeuwerik;N07.01
broedvogels;wulp;N07.01
broedvogels;boomleeuwerik;N07.02
broedvogels;duinpieper;N07.02
broedvogels;tapuit;N07.02
broedvogels;bosrietzanger;N12.06
broedvogels;geelgors;N12.06
broedvogels;grasmus;N12.06
broedvogels;grauwe klauwier;N12.06
broedvogels;kneu;N12.06
broedvogels;nachtegaal;N12.06
broedvogels;paapje;N12.06
broedvogels;putter;N12.06
broedvogels;roodborsttapuit;N12.06
broedvogels;spotvogel;N12.06
broedvogels;sprinkhaanzanger;N12.06
broedvogels;geelgors;N12.05
broedvogels;gele kwikstaart;N12.05
broedvogels;graspieper;N12.05
broedvogels;grauwe gors;N12.05
broedvogels;grauwe kiekendief;N12.05
broedvogels;kwartel;N12.05
broedvogels;kwartelkoning;N12.05
broedvogels;ortolaan;N12.05
broedvogels;patrijs;N12.05
broedvogels;veldleeuwerik;N12.05
broedvogels;geelgors;N06.04
broedvogels;graspieper;N06.04
broedvogels;grauwe klauwier;N06.04
broedvogels;paapje;N06.04
broedvogels;roodborsttapuit;N06.04
broedvogels;sprinkhaanzanger;N06.04
broedvogels;veldleeuwerik;N06.04
broedvogels;wulp;N06.04
broedvogels;gele kwikstaart;N12.04
broedvogels;graspieper;N12.04
broedvogels;grutto;N12.04
broedvogels;kemphaan;N12.04
broedvogels;kleine plevier;N12.04
broedvogels;kluut;N12.04
broedvogels;kwartelkoning;N12.04
broedvogels;patrijs;N12.04
broedvogels;slobeend;N12.04
broedvogels;tureluur;N12.04
broedvogels;watersnip;N12.04
broedvogels;zomertaling;N12.04
broedvogels;gele kwikstaart;N13.01
broedvogels;graspieper;N13.01
broedvogels;grutto;N13.01
broedvogels;kemphaan;N13.01
broedvogels;krakeend;N13.01
broedvogels;kuifeend;N13.01
broedvogels;slobeend;N13.01
broedvogels;tureluur;N13.01
broedvogels;veldleeuwerik;N13.01
broedvogels;watersnip;N13.01
broedvogels;wintertaling;N13.01
broedvogels;wulp;N13.01
broedvogels;zomertaling;N13.01
broedvogels;gele kwikstaart;N10.01
broedvogels;grutto;N10.01
broedvogels;kemphaan;N10.01
broedvogels;kwartelkoning;N10.01
broedvogels;tureluur;N10.01
broedvogels;watersnip;N10.01
broedvogels;gele kwikstaart;N10.02
broedvogels;grutto;N10.02
broedvogels;kemphaan;N10.02
broedvogels;kwartelkoning;N10.02
broedvogels;tureluur;N10.02
broedvogels;watersnip;N10.02
dagvlinder & sprinkhanen;aardbeivlinder;N10.02
dagvlinder & sprinkhanen;bont dikkopje;N10.02
dagvlinder & sprinkhanen;bruine vuurvlinder;N10.02
dagvlinder & sprinkhanen;donker pimpernelblauwtje;N10.02
dagvlinder & sprinkhanen;moerassprinkhaan;N10.02
dagvlinder & sprinkhanen;pimpernelblauwtje;N10.02
dagvlinder & sprinkhanen;zilveren maan;N10.02
dagvlinder & sprinkhanen;zompsprinkhaan;N10.02
dagvlinders;aardbeivlinder;N06.01
dagvlinders;groentje;N06.01
dagvlinders;grote vuurvlinder;N06.01
dagvlinders;zilveren maan;N06.01
dagvlinders;argusvlinder;N12.03
dagvlinders;bont dikkopje;N12.03
dagvlinders;hooibeestje;N12.03
dagvlinders;koevinkje;N12.03
dagvlinders;zwartsprietdikkopje;N12.03
dagvlinders;argusvlinder;N11.01
dagvlinders;bruin blauwtje;N11.01
dagvlinders;bruin dikkopje;N11.01
dagvlinders;bruine vuurvlinder;N11.01
dagvlinders;grote parelmoervlinder;N11.01
dagvlinders;heivlinder;N11.01
dagvlinders;hooibeestje;N11.01
dagvlinders;klaverblauwtje;N11.01
dagvlinders;kommavlinder;N11.01
dagvlinders;veldparelmoervlinder;N11.01
dagvlinders;argusvlinder;N12.02
dagvlinders;bruin blauwtje;N12.02
dagvlinders;bruine vuurvlinder;N12.02
dagvlinders;bruin zandoogje;N12.02
dagvlinders;geelsprietdikkopje;N12.02
dagvlinders;groot dikkopje;N12.02
dagvlinders;hooibeestje;N12.02
dagvlinders;kleine parelmoervlinder;N12.02
dagvlinders;zwartsprietdikkopje;N12.02
dagvlinders;argusvlinder;N12.01
dagvlinders;bruin blauwtje;N12.01
dagvlinders;bruine vuurvlinder;N12.01
dagvlinders;bruin zandoogje;N12.01
dagvlinders;geelsprietdikkopje;N12.01
dagvlinders;groot dikkopje;N12.01
dagvlinders;hooibeestje;N12.01
dagvlinders;zwartsprietdikkopje;N12.01
dagvlinders;bruin blauwtje;N08.04
dagvlinders;duinparelmoervlinder;N08.04
dagvlinders;grote parelmoervlinder;N08.04
dagvlinders;heideblauwtje;N08.04
dagvlinders;heivlinder;N08.04
dagvlinders;kleine parelmoervlinder;N08.04
dagvlinders;kommavlinder;N08.04
dagvlinders & sprinkhanen;Aardbeivlinder;N10.01
dagvlinders & sprinkhanen;bruine vuurvlinder;N10.01
dagvlinders & sprinkhanen;gentiaanblauwtje;N10.01
dagvlinders & sprinkhanen;moerassprinkhaan;N10.01
dagvlinders & sprinkhanen;zilveren maan;N10.01
dagvlinders & sprinkhanen;zompsprinkhaan;N10.01
dagvlinders & sprinkhanen;aardbeivlinder;N07.01
dagvlinders & sprinkhanen;blauwvleugelsprinkhaan;N07.01
dagvlinders & sprinkhanen;bosdoorntje;N07.01
dagvlinders & sprinkhanen;bruine vuurvlinder;N07.01
dagvlinders & sprinkhanen;duinparelmoervlinder;N07.01
dagvlinders & sprinkhanen;grote parelmoervlinder;N07.01
dagvlinders & sprinkhanen;heivlinder;N07.01
dagvlinders & sprinkhanen;hooibeestje;N07.01
dagvlinders & sprinkhanen;kleine heivlinder;N07.01
dagvlinders & sprinkhanen;kleine wrattenbijter;N07.01
dagvlinders & sprinkhanen;kommavlinder;N07.01
dagvlinders & sprinkhanen;schavertje;N07.01
dagvlinders & sprinkhanen;veldkrekel;N07.01
dagvlinders & sprinkhanen;wrattenbijter;N07.01
dagvlinders & sprinkhanen;zadelsprinkhaan;N07.01
dagvlinders & sprinkhanen;zoemertje;N07.01
dagvlinders & sprinkhanen;aardbeivlinder;N08.02
dagvlinders & sprinkhanen;blauwvleugelsprinkhaan;N08.02
dagvlinders & sprinkhanen;bruin blauwtje;N08.02
dagvlinders & sprinkhanen;duinparelmoervlinder;N08.02
dagvlinders & sprinkhanen;duinsabelsprinkhaan;N08.02
dagvlinders & sprinkhanen;grote parelmoervlinder;N08.02
dagvlinders & sprinkhanen;heivlinder;N08.02
dagvlinders & sprinkhanen;kleine parelmoervlinder;N08.02
dagvlinders & sprinkhanen;kommavlinder;N08.02
dagvlinders & sprinkhanen;blauwvleugelsprinkhaan;N07.02
dagvlinders & sprinkhanen;heivlinder;N07.02
dagvlinders & sprinkhanen;kleine heivlinder;N07.02
dagvlinders & sprinkhanen;kommavlinder;N07.02
dagvlinders & sprinkhanen;gentiaanblauwtje;N06.04
dagvlinders & sprinkhanen;groentje;N06.04
dagvlinders & sprinkhanen;groot dikkopje;N06.04
dagvlinders & sprinkhanen;heideblauwtje;N06.04
dagvlinders & sprinkhanen;heidesabelsprinkhaan;N06.04
dagvlinders & sprinkhanen;moerassprinkhaan;N06.04
dagvlinders & sprinkhanen;zompsprinkhaan;N06.04
kreeftachtigen;kniksprietkreeft;N01.01
kreeftachtigen;langspriet;N01.01
kreeftachtigen;Haustorius arenarius;N01.01
kreeftachtigen;Megaluropus agilis;N01.01
kreeftachtigen;Urothoe brevicornis;N01.01
libellen;kanaaljuffer;N04.02
libellen;plasrombout;N04.02
libellen;bruine korenbout;N04.02
libellen;gevlekte witsnuit-libel;N04.02
libellen;glassnijder;N04.02
libellen;groene glazenmaker;N04.02
libellen;grote roodoogjuffer;N04.02
libellen;viervlek;N04.02
libellen;vroege glazenmaker;N04.02
libellen;vuurjuffer;N04.02
libellen;bloedrode heidelibel;N04.02
libellen;bruine glazenmaker;N04.02
libellen;donkere waterjuffer;N04.02
libellen;geelvlekheidelibel;N04.02
libellen;gewone pantserjuffer;N04.02
libellen;kleine roodoogjuffer;N04.02
libellen;noordse winterjuffer;N04.02
libellen;paardenbijter;N04.02
libellen;smaragdli-bel;N04.02
libellen;tengere pantserjuffer;N04.02
libellen;variabele waterjuffer;N04.02
libellen;vuurlibel;N04.02
libellen; kanaaljuffer;N04.01
libellen;plasrombout;N04.01
libellen;bruine korenbout;N04.01
libellen;gevlekte witsnuitlibel;N04.01
libellen;glassnijder;N04.01
libellen;groene glazenmaker;N04.01
libellen;grote roodoogjuffer;N04.01
libellen;viervlek;N04.01
libellen;vroege glazenmaker;N04.01
libellen;vuurjuffer;N04.01
libellen;Bruine korenbout;N05.03
libellen;donkere waterjuffer;N05.03
libellen;gevlekte glanslibel;N05.03
libellen;gevlekte witsnuitlibel;N05.03
libellen;glassnijder;N05.03
libellen;noordse winterjuffer;N05.03
libellen;sierlijke witsnuitlibel;N05.03
libellen;vroege glazenmaker.;N05.03
libellen;beekrombout;N02.01
libellen;gaffellibel;N02.01
libellen;kleine tanglibel;N02.01
libellen;rivierrombout;N02.01
libellen;weidebeekjuffer;N02.01
libellen;bruine glazenmaker groene glazenmaker;N02.01
libellen;grote roodoogjuffer;N02.01
libellen;kleine roodoogjuffer;N02.01
libellen;beekoeverlibel;N03.01
libellen;blauwe breedscheenjuffer;N03.01
libellen;bosbeekjuffer;N03.01
libellen;bronslibel;N03.01
libellen;gewone bronlibel;N03.01
libellen;weidebeekjuffer;N03.01
libellen;zuidelijke oeverlibel;N03.01
libellen;bruine korenbout;N05.01
libellen;donkere waterjuffer;N05.01
libellen;gevlekte glanslibel;N05.01
libellen;gevlekte witsnuitlibel;N05.01
libellen;glassnijder;N05.01
libellen;noordse winterjuffer;N05.01
libellen;sierlijke witsnuitlibel;N05.01
libellen;vroege glazenmaker;N05.01
libellen;bruine korenbout;N05.02
libellen;donkere waterjuffer;N05.02
libellen;gevlekte glanslibel;N05.02
libellen;gevlekte witsnuitlibel;N05.02
libellen;glassnijder;N05.02
libellen;noordse winterjuffer;N05.02
libellen;sierlijke witsnuitlibel;N05.02
libellen;vroege glazenmaker;N05.02
libellen;bruine winterjuffer;N06.05
libellen;gevlekte witsnuitlibel;N06.05
libellen;glassnijder;N06.05
libellen;Kempense heidelibel;N06.05
libellen;koraaljuffer;N06.05
libellen;oostelijke witsnuitlibel;N06.05
libellen;sierlijke witsnuitlibel;N06.05
libellen;speerwaterjuffer;N06.05
libellen;tengere pantserjuffer;N06.05
libellen;vroege glazenmaker;N06.05
libellen;hoogveenglanslibel;N06.03
libellen;koraaljuffer;N06.03
libellen;noordse glazenmaker;N06.03
libellen;noordse witsnuitlibel;N06.03
libellen;tengere pantserjuffer;N06.03
libellen;venglazenmaker;N06.03
libellen;venwitsnuitlibel;N06.03
libellen;koraaljuffer;N06.06
libellen;maanwaterjuffer;N06.06
libellen;noordse glazenmaker;N06.06
libellen;noordse witsnuitlibel;N06.06
libellen;oostelijke witsnuitlibel;N06.06
libellen;tengere pantserjuffer;N06.06
libellen;venglazenmaker;N06.06
libellen;venwitsnuitlibel;N06.06
planten;"Alle soorten van het beschermingsplan akkerplanten. Uitgezonderd een aantal soorten die te algemeen voorkomen of niet echt meer aan akkers gebonden zijn.
aardaker";N12.05
planten;aardkastanje;N12.05
planten;akkerandoorn;N12.05
planten;akkerboterbloem;N12.05
planten;akkerdoornzaad;N12.05
planten;akkergeelster;N12.05
planten;akkerklokje;N12.05
planten;akkerleeuwenbek;N12.05
planten;akkerogentroost;N12.05
planten;akkerviltkruid;N12.05
planten;akkerzenegroen;N12.05
planten;behaarde boterbloem;N12.05
planten;blauw guichelheil;N12.05
planten;blauw walstro;N12.05
planten;blauwe leeuwenbek;N12.05
planten;bleekgele hennepnetel;N12.05
planten;bolderik;N12.05
planten;brede raai;N12.05
planten;brede wolfsmelk;N12.05
planten;doffe ereprijs;N12.05
planten;dolik;N12.05
planten;doorgroeide boerenkers;N12.05
planten;dreps;N12.05
planten;driehoornig walstro;N12.05
planten;driekleurig viooltje;N12.05
planten;Duits viltkruid;N12.05
planten;dwerggras;N12.05
planten;dwergviltkruid;N12.05
planten;eironde leeuwenbek;N12.05
planten;Franse boekweit;N12.05
planten;Franse silene;N12.05
planten;geel viltkruid;N12.05
planten;gegroefde veldsla;N12.05
planten;gele ganzenbloem;N12.05
planten;geoorde veldsla;N12.05
planten;getande veldsla;N12.05
planten;gewone veldsla;N12.05
planten;gewone vogelmelk;N12.05
planten;glad biggenkruid;N12.05
planten;gladde ereprijs;N12.05
planten;groot spiegelklokje;N12.05
planten;grote leeuwenklauw;N12.05
planten;handjesereprijs;N12.05
planten;harige ratelaar;N12.05
planten;heelbeen;N12.05
planten;hennepvreter;N12.05
planten;hondspeterselie;N12.05
planten;kalkraket;N12.05
planten;klein spiegelklokje;N12.05
planten;klein tasjeskruid;N12.05
planten;kleine leeuwenbek;N12.05
planten;kleine wolfsmelk;N12.05
planten;korenbloem;N12.05
planten;korensla;N12.05
planten;liggend hertshooi;N12.05
planten;naakte lathyrus;N12.05
planten;naaldenkervel;N12.05
planten;nachtkoekoeksbloem;N12.05
planten;roggelelie;N12.05
planten;rood guichelheil;N12.05
planten;ruige klaproos;N12.05
planten;ruw parelzaad;N12.05
planten;slanke wikke;N12.05
planten;slofhak;N12.05
planten;smalle raai;N12.05
planten;spatelviltkruid;N12.05
planten;spiesleeuwenbek;N12.05
planten;stijf vergeet-mij-nietje;N12.05
planten;stijve wolfsmelk;N12.05
planten;stinkende ganzenvoet;N12.05
planten;stinkende kamille;N12.05
planten;tengere veldmuur;N12.05
planten;valse kamille;N12.05
planten;veelkleurig vergeet-mij-nietje;N12.05
planten;vlasdolik;N12.05
planten;vlashuttentut;N12.05
planten;vlaswarkruid;N12.05
planten;vroege ereprijs;N12.05
planten;wilde ridderspoor;N12.05
planten;wilde weit;N12.05
planten;zilverhaver;N12.05
planten;zomeradonis;N12.05
planten;Doorgroeid fonteinkruid;N05.04
planten;draadzegge;N05.04
planten;driekantige bies;N05.04
planten;echt lepelblad;N05.04
planten;galigaan;N05.04
planten;genadekruid;N05.04
planten;gevleugeld hertshooi;N05.04
planten;gewone dotterbloem;N05.04
planten;heemst;N05.04
planten;klein blaasjeskruid;N05.04
planten;kleine valeriaan;N05.04
planten;kleinste egelskop;N05.04
planten;krabbenscheer;N05.04
planten;lange ereprijs;N05.04
planten;lidsteng;N05.04
planten;moeraskartelblad;N05.04
planten;moeraslathyrus;N05.04
planten;moerasmelkdistel;N05.04
planten;moerasvaren;N05.04
planten;moeraswolfsmelk;N05.04
planten;poelruit;N05.04
planten;rietorchis;N05.04
planten;ruwe bies;N05.04
planten;rijstgras;N05.04
planten;selderij;N05.04
planten;slangenwortel;N05.04
planten;spindotterbloem;N05.04
planten;stijf struisriet;N05.04
planten;vleeskleurige orchis;N05.04
planten;voszegge;N05.04
planten;waterdrieblad;N05.04
planten;waterlepeltje;N05.04
planten;waterscheerling;N05.04
planten;zilt torkruid;N05.04
planten;zomerklokje.;N05.04
planten;Doorgroeid fonteinkruid;N05.03
planten;draadzegge;N05.03
planten;echt lepelblad;N05.03
planten;galigaan;N05.03
planten;genadekruid;N05.03
planten;gevleugeld hertshooi;N05.03
planten;gewone dotterbloem;N05.03
planten;heemst;N05.03
planten;klein blaasjeskruid;N05.03
planten;kleine valeriaan;N05.03
planten;kleinste egelskop;N05.03
planten;krabbenscheer;N05.03
planten;lange ereprijs;N05.03
planten;lidsteng;N05.03
planten;moeraskartelblad;N05.03
planten;moeraslathyrus;N05.03
planten;moerasmelkdistel;N05.03
planten;moerasvaren;N05.03
planten;moeraswolfsmelk;N05.03
planten;poelruit;N05.03
planten;rietorchis;N05.03
planten;ruwe bies;N05.03
planten;rijstgras;N05.03
planten;selderij;N05.03
planten;slangenwortel;N05.03
planten;;N05.03
planten;stijf struisriet;N05.03
planten;vleeskleurige orchis;N05.03
planten;voszegge;N05.03
planten;waterdrieblad;N05.03
planten;waterlepeltje;N05.03
planten;waterscheerling;N05.03
planten;zilt torkruid.;N05.03
planten;bruin cypergras;N02.01
planten;doorgroeid fonteinkruid;N02.01
planten;gesteeld sterrenkroos;N02.01
planten;glanzig fonteinkruid;N02.01
planten;grote waterranonkel;N02.01
planten;kleine kattenstaart;N02.01
planten;kransvederkruid;N02.01
planten;langstengelig fonteinkruid;N02.01
planten;naaldwaterbies;N02.01
planten;plat fonteinkruid;N02.01
planten;puntig fonteinkruid;N02.01
planten;rivierfonteinkruid;N02.01
planten;slanke waterweegbree;N02.01
planten;slijkgroen;N02.01
planten;smalle waterweegbree;N02.01
planten;stijve waterranonkel;N02.01
planten;vlottende waterranonkel;N02.01
planten;watergentiaan;N02.01
planten;doorgroeid fonteinkruid;N02.01
planten;fijne waterranonkel;N02.01
planten;glanzig fonteinkruid;N02.01
planten;groot blaasjeskruid;N02.01
planten;holpijp;N02.01
planten;kleine kattenstaart;N02.01
planten;krabbescheer;N02.01
planten;kransvederkruid;N02.01
planten;langstengelig fonteinkruid;N02.01
planten;lidsteng;N02.01
planten;naaldwaterbies;N02.01
planten;paarbladig fonteinkruid;N02.01
planten;puntig fonteinkruid;N02.01
planten;slijkgroen;N02.01
planten;smalle waterweegbree;N02.01
planten;stijve waterranonkel;N02.01
planten;watergentiaan;N02.01
planten;waterviolier;N02.01
planten;aapjesorchis;N11.01
planten;aarddistel;N11.01
planten;beemdhaver;N11.01
planten;beemdkroon;N11.01
planten;beklierde ogentroost;N11.01
planten;bergdravik;N11.01
planten;berggamander;N11.01
planten;bergnachtorchis;N11.01
planten;betonie;N11.01
planten;bevertjes;N11.01
planten;blauwe bremraap;N11.01
planten;bleek schildzaad;N11.01
planten;bochtige klaver;N11.01
planten;borstelkrans;N11.01
planten;bosogentroost;N11.01
planten;brede ereprijs s.s.;N11.01
planten;breed fakkelgras;N11.01
planten;bijenorchis;N11.01
planten;cipreswolfsmelk;N11.01
planten;dichte bermzegge;N11.01
planten;doorgroeide boerenkers;N11.01
planten;driedistel;N11.01
planten;duifkruid;N11.01
planten;Duits viltkruid;N11.01
planten;Duitse gentiaan;N11.01
planten;dwergviltkruid;N11.01
planten;echte gamander;N11.01
planten;echte tijm;N11.01
planten;franjegentiaan;N11.01
planten;geel zonneroosje;N11.01
planten;gelobde maanvaren;N11.01
planten;gestreepte klaver;N11.01
planten;gewone vleugeltjesbloem;N11.01
planten;gipskruid;N11.01
planten;groene bermzegge;N11.01
planten;groene nachtorchis;N11.01
planten;grote centaurie;N11.01
planten;grote keverorchis;N11.01
planten;grote leeuwenklauw;N11.01
planten;grote muggenorchis;N11.01
planten;grote tijm;N11.01
planten;gulden sleutelbloem;N11.01
planten;harige ratelaar;N11.01
planten;hauwklaver;N11.01
planten;heelbeen;N11.01
planten;herfstschroeforchis;N11.01
planten;hondsviooltje;N11.01
planten;kaal breukkruid;N11.01
planten;kalkwalstro;N11.01
planten;klavervreter;N11.01
planten;kleine pimpernel;N11.01
planten;kleine ruit;N11.01
planten;kleine steentijm;N11.01
planten;kleine tijm;N11.01
planten;kluwenklokje;N11.01
planten;knolsteenbreek;N11.01
planten;kraagroos;N11.01
planten;kruipbrem;N11.01
planten;kruiptijm;N11.01
planten;kuifvleugeltjesbloem;N11.01
planten;liggende ereprijs;N11.01
planten;onderaardse klaver;N11.01
planten;oorsilene;N11.01
planten;overblijvende hardbloem;N11.01
planten;poppenorchis;N11.01
planten;purperorchis;N11.01
planten;rapunzelklokje;N11.01
planten;rivierduinzegge;N11.01
planten;rode bremraap;N11.01
planten;rozenkransje;N11.01
planten;ruig schapengras;N11.01
planten;ruige anjer;N11.01
planten;ruige scheefkelk;N11.01
planten;slanke gentiaan;N11.01
planten;slanke mantelanjer;N11.01
planten;slanke ogentroost;N11.01
planten;soldaatje;N11.01
planten;spits havikskruid;N11.01
planten;steenanjer;N11.01
planten;stijf hardgras;N11.01
planten;stijve wolfsmelk;N11.01
planten;tengere veldmuur;N11.01
planten;tripmadam;N11.01
planten;trosgamander;N11.01
planten;veldgentiaan;N11.01
planten;veldsalie;N11.01
planten;verfbrem;N11.01
planten;vierrijige ogentroost;N11.01
planten;viltroos;N11.01
planten;vliegenorchis;N11.01
planten;voorjaarsganzerik;N11.01
planten;voorjaarszegge;N11.01
planten;vroege zegge;N11.01
planten;weideklokje;N11.01
planten;wondklaver;N11.01
planten;walstrobremraap;N11.01
planten;wilde averuit;N11.01
planten;zacht vetkruid;N11.01
planten;zandblauwtje;N11.01
planten;zandwolfsmelk;N11.01
planten;zilverhaver;N11.01
planten;zinkboerenkers;N11.01
planten;zinkschapengras;N11.01
planten;zinkviooltje;N11.01
planten;aardaker;N12.01
planten;aarddistel;N12.01
planten;akkerdoornzaad;N12.01
planten;beemdkroon;N12.01
planten;beemdooievaarsbek;N12.01
planten;bevertjes;N12.01
planten;bitter barbarakruid;N12.01
planten;blauw walstro;N12.01
planten;bochtige klaver;N12.01
planten;brede ereprijs s.s.;N12.01
planten;cipreswolfsmelk;N12.01
planten;dichte bermzegge;N12.01
planten;duifkruid;N12.01
planten;(echte) kruisdistel;N12.01
planten;geelhartje;N12.01
planten;gele morgenster;N12.01
planten;gestreepte klaver;N12.01
planten;glad parelzaad;N12.01
planten;graslathyrus;N12.01
planten;grote bevernel;N12.01
planten;grote centaurie;N12.01
planten;grote leeuwenklauw;N12.01
planten;grote pimpernel;N12.01
planten;harige ratelaar;N12.01
planten;karwijvarkenskervel;N12.01
planten;kattendoorn;N12.01
planten;klavervreter;N12.01
planten;kleinbloemige salie;N12.01
planten;kleine ratelaar;N12.01
planten;kluwenklokje;N12.01
planten;knopig doornzaad;N12.01
planten;knikkende distel;N12.01
planten;knolsteenbreek;N12.01
planten;liggende ereprijs;N12.01
planten;moeslook;N12.01
planten;oosterse morgenster;N12.01
planten;overblijvende hardbloem;N12.01
planten;paarse morgenster;N12.01
planten;rapunzelklokje;N12.01
planten;rivierduinzegge;N12.01
planten;rode bremraap;N12.01
planten;ruige anjer;N12.01
planten;ruige weegbree;N12.01
planten;spits havikskruid;N12.01
planten;tengere distel;N12.01
planten;tripmadam;N12.01
planten;veldsalie;N12.01
planten;vijfdelig kaasjeskruid;N12.01
planten;vroege zegge;N12.01
planten;weideklokje;N12.01
planten;wilde averuit;N12.01
planten;wilde marjolein;N12.01
planten;wollige distel;N12.01
planten;ijzerhard;N12.01
planten;zacht vetkruid;N12.01
planten;zandwolfsmelk;N12.01
planten;zeegroene zegge;N12.01
planten;aardaker;N12.03
planten;akkerdoornzaad;N12.03
planten;beemdkroon;N12.03
planten;beemdooievaarsbek;N12.03
planten;bevertjes;N12.03
planten;bochtige klaver;N12.03
planten;borstelkrans;N12.03
planten;brede ereprijs s.s.;N12.03
planten;dichte bermzegge;N12.03
planten;duifkruid;N12.03
planten;geel walstro;N12.03
planten;gele morgenster;N12.03
planten;gewone vogelmelk;N12.03
planten;goudhaver;N12.03
planten;grasklokje;N12.03
planten;graslathyrus;N12.03
planten;groot streepzaad;N12.03
planten;grote bevernel;N12.03
planten;grote centaurie;N12.03
planten;grote leeuwenklauw;N12.03
planten;karwij;N12.03
planten;karwijvarkenskervel;N12.03
planten;kattendoorn;N12.03
planten;klavervreter;N12.03
planten;kleinbloemige salie;N12.03
planten;kleine ratelaar;N12.03
planten;kluwenklokje;N12.03
planten;knolboterbloem;N12.03
planten;knolsteenbreek;N12.03
planten;liggende ereprijs;N12.03
planten;moeslook;N12.03
planten;oosterse morgenster;N12.03
planten;rapunzelklokje;N12.03
planten;ruige anjer;N12.03
planten;ruige weegbree;N12.03
planten;slanke sleutelbloem;N12.03
planten;spits havikskruid;N12.03
planten;stinkende ballote;N12.03
planten;tengere distel;N12.03
planten;veldsalie;N12.03
planten;weideklokje;N12.03
planten;wilde marjolein;N12.03
planten;aardbeiganzerik;N14.01
planten;alpenheksenkruid;N14.01
planten;besanjelier;N14.01
planten;bittere veldkers;N14.01
planten;bosgeelster;N14.01
planten;bosmuur;N14.01
planten;bospaardenstaart;N14.01
planten;boswederik;N14.01
planten;daslook;N14.01
planten;driekantige bies;N14.01
planten;eenbes;N14.01
planten;gele monnikskap;N14.01
planten;geveerd diknerfmos;N14.01
planten;gewone vogelmelk;N14.01
planten;gladde zegge;N14.01
planten;grote keverorchis;N14.01
planten;gulden sleutelbloem;N14.01
planten;hangende zegge;N14.01
planten;heelkruid;N14.01
planten;klein heksenkruid;N14.01
planten;knikkend nagelkruid;N14.01
planten;kruidvlier;N14.01
planten;kruisbladwalstro;N14.01
planten;maarts viooltje;N14.01
planten;moeraskruiskruid;N14.01
planten;moerasstreepzaad;N14.01
planten;moeraswolfsmelk;N14.01
planten;muskuskruid;N14.01
planten;paarbladig goudveil;N14.01
planten;reuzenpaardenstaart;N14.01
planten;rivierkruiskruid;N14.01
planten;schaafstro;N14.01
planten;slangenlook;N14.01
planten;slanke sleutelbloem;N14.01
planten;slanke zegge;N14.01
planten;spindotterbloem;N14.01
planten;torenkruid;N14.01
planten;verspreidbladig goudveil;N14.01
planten;welriekende agrimonie;N14.01
planten;wilde kievitsbloem;N14.01
planten;witte rapunzel;N14.01
planten;zomerklokje;N14.01
planten;zwartblauwe rapunzel;N14.01
planten;aardbeiganzerik;N14.03
planten;amandelwolfsmelk;N14.03
planten;berghertshooi;N14.03
planten;blaasvaren;N14.03
planten;bleek bosvogeltje;N14.03
planten;bleeksporig bosviooltje;N14.03
planten;bleke zegge;N14.03
planten;borstelkrans;N14.03
planten;bosbingelkruid;N14.03
planten;bosboterbloem;N14.03
planten;bosdravik;N14.03
planten;bosereprijs;N14.03
planten;bosgeelster;N14.03
planten;boslathyrus;N14.03
planten;bosmuur;N14.03
planten;bosroos;N14.03
planten;boszegge;N14.03
planten;bottelroos;N14.03
planten;bruinrode wespenorchis;N14.03
planten;christoffelkruid;N14.03
planten;daslook;N14.03
planten;dichte bermzegge;N14.03
planten;donderkruid;N14.03
planten;donkersporig bosviooltje;N14.03
planten;eenbes;N14.03
planten;eenbloemig parelgras;N14.03
planten;fraai hertshooi;N14.03
planten;geelgroene wespenorchis;N14.03
planten;gele anemoon;N14.03
planten;gele kornoelje;N14.03
planten;gele monnikskap;N14.03
planten;gevlekt hertshooi;N14.03
planten;gewone bermzegge;N14.03
planten;groene bermzegge;N14.03
planten;grote keverorchis;N14.03
planten;gulden boterbloem;N14.03
planten;heelkruid;N14.03
planten;klein heksenkruid;N14.03
planten;herfsttijloos;N14.03
planten;hokjespeul;N14.03
planten;kleine kaardebol;N14.03
planten;knollathyrus;N14.03
planten;knolribzaad;N14.03
planten;kraagroos;N14.03
planten;kruidvlier;N14.03
planten;kruisbes;N14.03
planten;kruisbladwalstro;N14.03
planten;lansvaren;N14.03
planten;lievevrouwebedstro;N14.03
planten;mannetjesorchis;N14.03
planten;muskuskruid;N14.03
planten;rood peperboompje;N14.03
planten;ruig hertshooi;N14.03
planten;ruig klokje;N14.03
planten;ruwe dravik;N14.03
planten;schedegeelster;N14.03
planten;slanke sleutelbloem;N14.03
planten;stengelloze sleutelbloem;N14.03
planten;stijve naaldvaren;N14.03
planten;stijve steenraket;N14.03
planten;tongvaren;N14.03
planten;torenkruid;N14.03
planten;tweestijlige meidoorn;N14.03
planten;viltroos;N14.03
planten;vingerzegge;N14.03
planten;vliegenorchis;N14.03
planten;vogelnestje;N14.03
planten;wegedoorn;N14.03
planten;welriekende agrimonie;N14.03
planten;wild kattekruid;N14.03
planten;winterlinde;N14.03
planten;wit bosvogeltje;N14.03
planten;witte engbloem;N14.03
planten;witte rapunzel;N14.03
planten;zwartblauwe rapunzel;N14.03
planten;aardbeiganzerik;N17.06
planten;bleke zegge;N17.06
planten;bosaardbei;N17.06
planten;bosanemoon;N17.06
planten;bosroos;N17.06
planten;boszegge;N17.06
planten;christoffelkruid;N17.06
planten;gevlekte aronskelk;N17.06
planten;gewone dotterbloem;N17.06
planten;gewoon pelsmos;N17.06
planten;groot touwtjesmos;N17.06
planten;grote keverorchis;N17.06
planten;gulden boterbloem;N17.06
planten;haagbeuk;N17.06
planten;heelkruid;N17.06
planten;moeraslathyrus;N17.06
planten;moerasviooltje;N17.06
planten;moeraswolfsmelk;N17.06
planten;moeslook;N17.06
planten;purperorchis;N17.06
planten;recht palmpjesmos;N17.06
planten;ruig hertshooi;N17.06
planten;ruige veldbies;N17.06
planten;slangelook;N17.06
planten;slanke sleutelbloem;N17.06
planten;waterdrieblad;N17.06
planten;welriekende agrimonie;N17.06
planten;wilde marjolein;N17.06
planten;glad kringmos;N17.06
planten;aardbeiklaver;N12.04
planten;behaarde boterbloem;N12.04
planten;blauwe waterereprijs;N12.04
planten;dunstaart;N12.04
planten;echt lepelblad;N12.04
planten;Engels gras;N12.04
planten;fijn goudscherm;N12.04
planten;fraai duizendguldenkruid;N12.04
planten;genadekruid;N12.04
planten;gerande schijnspurrie;N12.04
planten;getand vlotgras;N12.04
planten;heemst;N12.04
planten;karwijvarkenskervel;N12.04
planten;kattendoorn;N12.04
planten;knolvossenstaart;N12.04
planten;kruipend moerasscherm;N12.04
planten;kwelderzegge;N12.04
planten;laksteeltje;N12.04
planten;lidsteng;N12.04
planten;melkkruid;N12.04
planten;platte bies;N12.04
planten;polei;N12.04
planten;pijptorkruid;N12.04
planten;rode ogentroost;N12.04
planten;rode waterereprijs;N12.04
planten;schorrenzoutgras;N12.04
planten;selderij;N12.04
planten;stekende bies;N12.04
planten;voszegge;N12.04
planten;weidekerveltorkruid;N12.04
planten;witte munt;N12.04
planten;zeegerst;N12.04
planten;zeegroene rus;N12.04
planten;zeerus;N12.04
planten;zeeweegbree;N12.04
planten;zilt torkruid;N12.04
planten;zilte rus;N12.04
planten;zilte schijnspurrie;N12.04
planten;zilte waterranonkel;N12.04
planten;zilte zegge;N12.04
planten;zulte;N12.04
planten;aarvederkruid;N04.03
planten;fijn hoornblad;N04.03
planten;gesteelde zannichellia;N04.03
planten;groot nimfkruid;N04.03
planten;groot zeegras;N04.03
planten;snavelruppia;N04.03
planten;spiraalruppia;N04.03
planten;weegbreefonteinkruid;N04.03
planten;zilte waterranonkel;N04.03
planten;addertong;N10.02
planten;adderwortel;N10.02
planten;beemdooievaarsbek;N10.02
planten;bevertjes;N10.02
planten;bleke zegge;N10.02
planten;bosbies;N10.02
planten;brede orchis;N10.02
planten;draadrus;N10.02
planten;gevlekte orchis;N10.02
planten;gevleugeld hertshooi;N10.02
planten;gewone dotterbloem;N10.02
planten;grote pimpernel;N10.02
planten;gulden boterbloem;N10.02
planten;harlekijn;N10.02
planten;herfsttijloos;N10.02
planten;karwijselie;N10.02
planten;kleine valeriaan;N10.02
planten;klimopwaterranonkel;N10.02
planten;melkviooltje;N10.02
planten;moeraskartelblad;N10.02
planten;moerasstreepzaad;N10.02
planten;moesdistel;N10.02
planten;noords walstro;N10.02
planten;noordse zegge;N10.02
planten;platte bies;N10.02
planten;polei;N10.02
planten;rietorchis;N10.02
planten;rode ogentroost;N10.02
planten;trosdravik;N10.02
planten;verfbrem;N10.02
planten;vleeskleurige orchis;N10.02
planten;waterkruiskruid;N10.02
planten;herfsttijloos;N10.02
planten;weidekervel;N10.02
planten;weide-vergeet-mij-nietje;N10.02
planten;welriekende nachtorchis;N10.02
planten;wilde kievitsbloem;N10.02
planten;zilte rus;N10.02
planten;zwartblauwe rapunzel;N10.02
planten;addertong;N10.01
planten;armbloemige waterbies;N10.01
planten;bevertjes;N10.01
planten;blauwe knoop;N10.01
planten;bleke zegge;N10.01
planten;blonde zegge;N10.01
planten;bonte paardenstaart;N10.01
planten;brede orchis;N10.01
planten;breed wollegras;N10.01
planten;draadgentiaan;N10.01
planten;draadrus;N10.01
planten;draadzegge;N10.01
planten;dwergbloem;N10.01
planten;dwergrus;N10.01
planten;gele zegge;N10.01
planten;gevlekte orchis;N10.01
planten;gewone vleugeltjesbloem;N10.01
planten;groenknolorchis;N10.01
planten;grondster;N10.01
planten;grote muggenorchis;N10.01
planten;heidekartelblad;N10.01
planten;honingorchis;N10.01
planten;karwijselie;N10.01
planten;kleine valeriaan;N10.01
planten;klimopwaterranonkel;N10.01
planten;klokjesgentiaan;N10.01
planten;knolsteenbreek;N10.01
planten;knotszegge;N10.01
planten;koprus;N10.01
planten;kranskarwij;N10.01
planten;kruipende moerasweegbree;N10.01
planten;liggende vleugeltjesbloem;N10.01
planten;melkviooltje;N10.01
planten;moeraskartelblad;N10.01
planten;moerasstreepzaad;N10.01
planten;moeraswespenorchis;N10.01
planten;moesdistel;N10.01
planten;noordse zegge;N10.01
planten;paardenhaarzegge;N10.01
planten;parnassia;N10.01
planten;plat blaasjeskruid;N10.01
planten;rietorchis;N10.01
planten;ronde zegge;N10.01
planten;schildereprijs;N10.01
planten;schubzegge;N10.01
planten;Spaanse ruiter;N10.01
planten;sterzegge;N10.01
planten;teer guichelheil;N10.01
planten;tweehuizige zegge;N10.01
planten;veenmosorchis;N10.01
planten;vetblad;N10.01
planten;vleeskleurige orchis;N10.01
planten;vlozegge;N10.01
planten;waterdrieblad;N10.01
planten;weidekervel;N10.01
planten;welriekende nachtorchis;N10.01
planten;wijdbloeiende rus;N10.01
planten;zwartblauwe rapunzel;N10.01
planten;addertong;N08.04
planten;berendruif;N08.04
planten;dennenwolfsklauw;N08.04
planten;drienervige zegge;N08.04
planten;dwergviltkruid;N08.04
planten;dwergzegge;N08.04
planten;gaspeldoorn;N08.04
planten;geelhartje;N08.04
planten;gevlekte orchis;N08.04
planten;gewone vleugeltjesbloem;N08.04
planten;grote wolfsklauw;N08.04
planten;hondsviooltje;N08.04
planten;klein warkruid;N08.04
planten;klein wintergroen;N08.04
planten;kleine zonnedauw;N08.04
planten;kruipbrem;N08.04
planten;moeraskartelblad;N08.04
planten;moeras­wespenorchis;N08.04
planten;parnassia;N08.04
planten;rond wintergroen;N08.04
planten;ronde zonnedauw;N08.04
planten;rijsbes;N08.04
planten;stekelbrem;N08.04
planten;stofzaad;N08.04
planten;verfbrem;N08.04
planten;armbloemige waterbies;N08.03
planten;bitterling;N08.03
planten;bonte paardenstaart;N08.03
planten;brokkelig kransblad;N08.03
planten;draadfonteinkruid;N08.03
planten;draadgentiaan;N08.03
planten;drienervige zegge;N08.03
planten;duizendknoopfonteinkruid;N08.03
planten;dwergbloem;N08.03
planten;dwergrus;N08.03
planten;dwergvlas;N08.03
planten;fraai duizendguldenkruid;N08.03
planten;galigaan;N08.03
planten;gebogen kransblad;N08.03
planten;geelhartje;N08.03
planten;gevlekte orchis;N08.03
planten;groenknolorchis;N08.03
planten;grote boterbloem;N08.03
planten;grote muggenorchis;N08.03
planten;harlekijn;N08.03
planten;honingorchis;N08.03
planten;kleine knotszegge;N08.03
planten;knopbies;N08.03
planten;koprus;N08.03
planten;moerasgamander;N08.03
planten;moeraskartelblad;N08.03
planten;moeraswespenorchis;N08.03
planten;noordse rus;N08.03
planten;oeverkruid;N08.03
planten;ondergedoken moerasscherm;N08.03
planten;ongelijkbladig fonteinkruid;N08.03
planten;parnassia;N08.03
planten;rond wintergroen;N08.03
planten;ruw kransblad;N08.03
planten;slanke gentiaan;N08.03
planten;stekelharig kransblad;N08.03
planten;sterzegge;N08.03
planten;stijve moerasweegbree;N08.03
planten;teer guichelheil;N08.03
planten;teer vederkruid;N08.03
planten;veldgentiaan;N08.03
planten;verfbrem;N08.03
planten;vleeskleurige orchis;N08.03
planten;vlozegge;N08.03
planten;waterpunge;N08.03
planten;welriekende nachtorchis;N08.03
planten;wilde gagel;N08.03
planten;zilte rus;N08.03
planten;zilte waterranonkel;N08.03
planten;armbloemige waterbies;N01.02
planten;blauwe zeedistel;N01.02
planten;dwergbloem;N01.02
planten;dwergrus;N01.02
planten;dwergvlas;N01.02
planten;fijn goudscherm;N01.02
planten;galigaan;N01.02
planten;gesteelde zoutmelde;N01.02
planten;groenknolorchis;N01.02
planten;groot zeegras;N01.02
planten;heemst;N01.02
planten;honingorchis;N01.02
planten;klein slijkgras;N01.02
planten;klein winter-groen;N01.02
planten;klein zeegras;N01.02
planten;klokjesgentiaan;N01.02
planten;koprus;N01.02
planten;kwelderzegge;N01.02
planten;moeraswespenorchis;N01.02
planten;oeverkruid;N01.02
planten;ongelijkbla-dig fonteinkruid;N01.02
planten;overblijvende hardbloem;N01.02
planten;parnassia;N01.02
planten;rode bies;N01.02
planten;ronde zonnedauw;N01.02
planten;rond wintergroen;N01.02
planten;rozenkransje;N01.02
planten;selderij;N01.02
planten;stofzaad;N01.02
planten;spiraalruppia;N01.02
planten;stekende bies;N01.02
planten;stekelbrem;N01.02
planten;stijve moerasweegbree;N01.02
planten;veder-kruid;N01.02
planten;vierrijige ogentroost;N01.02
planten;vleeskleurige orchis;N01.02
planten;zeegerst;N01.02
planten;zeewinde;N01.02
planten;zeewolfsmelk;N01.02
planten;"zilt torkruid.
kranswieren: brakwater kransblad";N01.02
planten;brokkelig kransblad;N01.02
planten;kust kransblad;N01.02
planten;stekelharig kransblad.;N01.02
planten;beekpunge;N03.01
planten;bittere veldkers;N03.01
planten;doorgroeid fonteinkruid;N03.01
planten;drijvende waterweegbree;N03.01
planten;duizendknoopfonteinkruid;N03.01
planten;gesteeld sterrenkroos;N03.01
planten;gewone dotterbloem;N03.01
planten;glanzig fonteinkruid;N03.01
planten;groot blaasjeskruid;N03.01
planten;groot bronkruid;N03.01
planten;grote waterranonkel;N03.01
planten;haaksterrenkroos;N03.01
planten;klimopwaterranonkel;N03.01
planten;kransvederkruid;N03.01
planten;naaldwaterbies;N03.01
planten;ongelijkbladig fonteinkruid;N03.01
planten;paarbladig goudveil;N03.01
planten;plat fonteinkruid;N03.01
planten;puntig fonteinkruid;N03.01
planten;rossig fonteinkruid;N03.01
planten;smalle waterweegbree;N03.01
planten;teer vederkruid;N03.01
planten;verspreidbladig goudveil;N03.01
planten;vlottende bies;N03.01
planten;vlottende waterranonkel;N03.01
planten;waterviolier;N03.01
planten;witte waterkers;N03.01
planten;witte waterranonkel;N03.01
planten;beenbreek;N06.04
planten;blauwe knoop;N06.04
planten;bruine snavelbies;N06.04
planten;Canadees hertshooi;N06.04
planten;draadgentiaan;N06.04
planten;drienervige zegge;N06.04
planten;dwergbloem;N06.04
planten;dwergvlas;N06.04
planten;eenarig wollegras;N06.04
planten;geelgroene zegge;N06.04
planten;gevlekte orchis;N06.04
planten;gewone vleugeltjesbloem;N06.04
planten;grondster;N06.04
planten;grote wolfsklauw;N06.04
planten;heidekartelblad;N06.04
planten;hondsviooltje;N06.04
planten;kleine veenbes;N06.04
planten;kleine zonnedauw;N06.04
planten;klokjesgentiaan;N06.04
planten;knollathyrus;N06.04
planten;kruipbrem;N06.04
planten;kruipwilg;N06.04
planten;kussentjesveenmos;N06.04
planten;liggende vleugeltjesbloem;N06.04
planten;melkviooltje;N06.04
planten;moerassmele;N06.04
planten;moeraswolfsklauw;N06.04
planten;oeverkruid;N06.04
planten;riempjes;N06.04
planten;ronde zonnedauw;N06.04
planten;Spaanse ruiter;N06.04
planten;stekelbrem;N06.04
planten;stijve ogentroost;N06.04
planten;valkruid;N06.04
planten;veelstengelige waterbies;N06.04
planten;veenbies;N06.04
planten;wateraardbei;N06.04
planten;week veenmos;N06.04
planten;welriekende nachtorchis;N06.04
planten;wijdbloeiende rus;N06.04
planten;wilde gagel;N06.04
planten;witte snavelbies;N06.04
planten;zacht veenmos;N06.04
planten;Zweedse kornoelje;N06.04
planten;beenbreek;N01.04
planten;bottelroos;N01.04
planten;dennenwolfsklauw;N01.04
planten;dichte bermzegge;N01.04
planten;draadgentiaan;N01.04
planten;drijvende egelskop;N01.04
planten;drijvende waterweegbree;N01.04
planten;dwergbloem;N01.04
planten;dwergvlas;N01.04
planten;fraai hertshooi;N01.04
planten;groenknolorchis;N01.04
planten;grote leeuwenklauw;N01.04
planten;grote wolfsklauw;N01.04
planten;klavervreter;N01.04
planten;klein wintergroen;N01.04
planten;kleinste egelskop;N01.04
planten;kluwenklokje;N01.04
planten;knikkend nagelkruid;N01.04
planten;knolsteenbreek;N01.04
planten;lange zonnedauw;N01.04
planten;langstengelig fonteinkruid;N01.04
planten;ongelijkbladig fonteinkruid;N01.04
planten;overblijvende hardbloem;N01.04
planten;riempjes;N01.04
planten;rijsbes;N01.04
planten;ruige anjer;N01.04
planten;slank wollegras;N01.04
planten;spits havikskruid;N01.04
planten;stengelloze sleutelbloem;N01.04
planten;stofzaad;N01.04
planten;teer vederkruid;N01.04
planten;torenkruid;N01.04
planten;tweehuizige zegge;N01.04
planten;valse zandzegge;N01.04
planten;veenbloembies;N01.04
planten;veenmosorchis;N01.04
planten;vlottende waterranonkel;N01.04
planten;vogelnestje;N01.04
planten;weideklokje;N01.04
planten;weide-vergeet-mij-nietjeKranswieren: brakwater kransblad;N01.04
planten;brokkelig kransblad;N01.04
planten;fijnstekelig kransblad;N01.04
planten;gebogen kransblad;N01.04
planten;harig kransblad;N01.04
planten;groot boomglanswier;N01.04
planten;klein boomglanswier;N01.04
planten;kleinhoofdig glanswier;N01.04
planten;kustkransblad;N01.04
planten;stekelharig kransblad;N01.04
planten;sterkranswier;N01.04
planten;ruw kransblad;N01.04
planten;vertakt boomglanswier;N01.04
planten;beenbreek;N06.03
planten;bruin veenmos;N06.03
planten;draadzegge;N06.03
planten;eenarig wollegras;N06.03
planten;gevlekte orchis;N06.03
planten;hoogveenveenmos;N06.03
planten;kleine veenbes;N06.03
planten;kleine zonnedauw;N06.03
planten;kleinste egelskop;N06.03
planten;lange zonnedauw;N06.03
planten;lavendelhei;N06.03
planten;rood veenmos;N06.03
planten;slangenwortel;N06.03
planten;sterzegge;N06.03
planten;veenbloembies;N06.03
planten;veengaffeltandmos;N06.03
planten;vijfrijig veenmos;N06.03
planten;witte snavelbies;N06.03
planten;wrattig veenmos;N06.03
planten;besanjelier;N01.03
planten;bleek schildzaad;N01.03
planten;brede ereprijs;N01.03
planten;bruin cypergras;N01.03
planten;dichte bermzegge;N01.03
planten;driekantige bies;N01.03
planten;duifkruid;N01.03
planten;fraai duizendguldenkruid;N01.03
planten;fraai hertshooi;N01.03
planten;geelhartje;N01.03
planten;genadekruid;N01.03
planten;gipskruid;N01.03
planten;goudhaver;N01.03
planten;groenknolorchis;N01.03
planten;grote leeuwenklauw;N01.03
planten;heemst;N01.03
planten;kattendoorn;N01.03
planten;klavervreter;N01.03
planten;kluwenklokje;N01.03
planten;knikkend nagelkruid;N01.03
planten;knolsteen-breek;N01.03
planten;knolvossenstaart;N01.03
planten;kruidvlier;N01.03
planten;kruipend moerasscherm;N01.03
planten;kruisdistel;N01.03
planten;lange ereprijs;N01.03
planten;langstengelig fonteinkruid;N01.03
planten;liggende ereprijs;N01.03
planten;moeraswespenorchis;N01.03
planten;ongelijkbladig fonteinkruid;N01.03
planten;overblijvende hard-bloem;N01.03
planten;polei;N01.03
planten;rivierduinzegge;N01.03
planten;rode bremraap;N01.03
planten;ruige anjer;N01.03
planten;slank wollegras;N01.03
planten;sierlijke vetmuur;N01.03
planten;stijf struisriet;N01.03
planten;slijkgroen;N01.03
planten;spindotterbloem;N01.03
planten;torenkruid;N01.03
planten;tripmadam;N01.03
planten;veenmosorchis;N01.03
planten;vlottende waterranonkel;N01.03
planten;vroege zegge;N01.03
planten;weidekervel;N01.03
planten;weideklokje;N01.03
planten;wilde averuit;N01.03
planten;wilde kievitsbloem;N01.03
planten;witte munt;N01.03
planten;zandwolfsmelk;N01.03
planten;"zomer-klokje
Kranswieren: brakwater kransblad";N01.03
planten;brokkelig kransblad;N01.03
planten;fijnstekelig kransblad;N01.03
planten;gebogen kransblad;N01.03
planten;harig kransblad;N01.03
planten;groot boomglanswier;N01.03
planten;klein boomglanswier;N01.03
planten;kleinhoofdig glanswier;N01.03
planten;kustkransblad;N01.03
planten;stekelharig kransblad;N01.03
planten;sterkranswier;N01.03
planten;ruw kransblad;N01.03
planten;vertakt boomglanswier;N01.03
planten;bittere veldkers;N17.05
planten;bosmuur;N17.05
planten;groot moerasscherm;N17.05
planten;groot springzaad;N17.05
planten;klein touwtjesmos;N17.05
planten;moeraskruiskruid;N17.05
planten;moerasstreepzaad;N17.05
planten;moeraswolfsmelk;N17.05
planten;poelruit;N17.05
planten;rivierkruiskruid;N17.05
planten;scherpe zegge;N17.05
planten;spindotterbloem;N17.05
planten;verspreidbladig goudveil;N17.05
planten;vossenstaartmos;N17.05
planten;waterdrieblad;N17.05
planten;zomerklokje;N17.05
planten;gewone dotterbloem;N17.05
planten;groot touwtjesmos;N17.05
planten;bitterkruidbremraap;N08.02
planten;blauwe bremraap;N08.02
planten;blauwe zeedistel;N08.02
planten;bleek schildzaad;N08.02
planten;buntgras;N08.02
planten;duinaveruit;N08.02
planten;duinlangbaardgras;N08.02
planten;duinteunisbloem;N08.02
planten;Duits viltkruid;N08.02
planten;echt bitterkruid;N08.02
planten;geelhartje;N08.02
planten;gelobde maanvaren;N08.02
planten;glad parelzaad;N08.02
planten;harlekijn;N08.02
planten;hazenpootje;N08.02
planten;herfstschroeforchis;N08.02
planten;hondskruid;N08.02
planten;hondsviooltje;N08.02
planten;kegelsilene;N08.02
planten;klavervreter;N08.02
planten;klein wintergroen;N08.02
planten;kleine ruit;N08.02
planten;kleine rupsklaver;N08.02
planten;kruisbladgentiaan;N08.02
planten;liggende asperge;N08.02
planten;nachtsilene;N08.02
planten;oorsilene;N08.02
planten;rond wintergroen;N08.02
planten;rozenkransje;N08.02
planten;ruwe klaver;N08.02
planten;scherpkruid;N08.02
planten;sierlijke vetmuur;N08.02
planten;smal fakkelgras;N08.02
planten;stijve wolfsmelk;N08.02
planten;tengere distel;N08.02
planten;torenkruid;N08.02
planten;vals muizenoor;N08.02
planten;verfbrem;N08.02
planten;vierrijige ogentroost;N08.02
planten;walstrobremraap;N08.02
planten;welriekende salomonszegel;N08.02
planten;wilde averuit;N08.02
planten;wondklaver;N08.02
planten;zandhaver;N08.02
planten;zandviooltje;N08.02
planten;zeewolfsmelk;N08.02
planten;zilverhaver;N08.02
planten;zwenkdravik;N08.02
planten;bitterling;N09.01
planten;Deens lepelblad;N09.01
planten;dunstaart;N09.01
planten;echt lepelblad;N09.01
planten;Engels gras;N09.01
planten;Engels lepelblad;N09.01
planten;fraai duizendguldenkruid;N09.01
planten;fijn goudscherm;N09.01
planten;geelhartje;N09.01
planten;gesteelde zoutmelde;N09.01
planten;gewone zoutmelde;N09.01
planten;ijle lamsoor;N09.01
planten;klein slijkgras;N09.01
planten;knolvossenstaart;N09.01
planten;kwelderzegge;N09.01
planten;laksteeltje;N09.01
planten;lamsoor;N09.01
planten;noordse rus;N09.01
planten;parnassia;N09.01
planten;platte bies;N09.01
planten;rode bies;N09.01
planten;selderij;N09.01
planten;sierlijke vetmuur;N09.01
planten;stekende bies;N09.01
planten;stijve ogentroost;N09.01
planten;strandduizenguldenkruid;N09.01
planten;zeegerst;N09.01
planten;zilt torkruid;N09.01
planten;zilte zegge;N09.01
planten;blaasjeswier;N04.04
planten;darmwier;N04.04
planten;Dictyotadichomata;N04.04
planten;gesteelde zannichellia;N04.04
planten;groot zeegras;N04.04
planten;Iers mos;N04.04
planten;Japans bessenwier;N04.04
planten;snavelruppia;N04.04
planten;spiraalruppia;N04.04
planten;vingerwier;N04.04
planten;zeesla;N04.04
planten;blauwe knoop;N07.01
planten;borstelgras;N07.01
planten;buntgras;N07.01
planten;dennenwolfsklauw;N07.01
planten;drienervige zegge;N07.01
planten;Duitse brem;N07.01
planten;dwergviltkruid;N07.01
planten;ezelspootje;N07.01
planten;fraai hertshooi;N07.01
planten;gaspeldoorn;N07.01
planten;gerimpeld gaffeltandmos;N07.01
planten;gevlekte orchis;N07.01
planten;gewone eikvaren;N07.01
planten;gewone vleugeltjesbloem;N07.01
planten;grondster;N07.01
planten;grote bremraap;N07.01
planten;grote wolfsklauw;N07.01
planten;hamerblaadje;N07.01
planten;heidezegge;N07.01
planten;hondsviooltje;N07.01
planten;jeneverbes;N07.01
planten;klein warkruid;N07.01
planten;kleine tijm;N07.01
planten;kleine wolfsklauw;N07.01
planten;klokjesgentiaan;N07.01
planten;knollathyrus;N07.01
planten;kruipbrem;N07.01
planten;kruipwilg;N07.01
planten;kussentjesmos;N07.01
planten;liggende vleugeltjesbloem;N07.01
planten;riempjes;N07.01
planten;rode dophei;N07.01
planten;rode heikorst;N07.01
planten;roze heikorst;N07.01
planten;rozenkransje;N07.01
planten;slanke ogentroost;N07.01
planten;stekelbrem;N07.01
planten;stijve ogentroost;N07.01
planten;stuifzandkorrelloof;N07.01
planten;valkruid;N07.01
planten;verfbrem;N07.01
planten;IJslands mos;N07.01
planten;zandblauwtje;N07.01
planten;zilverhaver;N07.01
planten;blauwe knoop;N05.02
planten;doorgroeid fonteinkruid;N05.02
planten;draadzegge;N05.02
planten;echt lepelblad;N05.02
planten;galigaan;N05.02
planten;gevleugeld hertshooi;N05.02
planten;gewone dotterbloem;N05.02
planten;groenknolorchis;N05.02
planten;grote boterbloem;N05.02
planten;kamvaren;N05.02
planten;kleine valeriaan;N05.02
planten;krabbenscheer;N05.02
planten;lidsteng;N05.02
planten;moeraskartelblad;N05.02
planten;moeraslathyrus;N05.02
planten;moerasmelkdistel;N05.02
planten;moerasvaren;N05.02
planten;moeraswolfsmelk;N05.02
planten;noordse zegge;N05.02
planten;paardenhaarzegge;N05.02
planten;poelruit;N05.02
planten;rietorchis;N05.02
planten;ronde zegge;N05.02
planten;ruwe bies;N05.02
planten;selderij;N05.02
planten;slangenwortel;N05.02
planten;stijf struisriet;N05.02
planten;waterdrieblad;N05.02
planten;waterlepeltje;N05.02
planten;waterscheerling;N05.02
planten;zomerklokje;N05.02
planten;blauwe knoop;N06.01
planten;elzenmos;N06.01
planten;geelgroene zegge;N06.01
planten;gevleugeld hertshooi;N06.01
planten;gewone dophei;N06.01
planten;glanzend veenmos;N06.01
planten;groenknolorchis;N06.01
planten;hoogveenveenmos;N06.01
planten;kamvaren;N06.01
planten;kleine valeriaan;N06.01
planten;kleine veenbes;N06.01
planten;klokjesgentiaan;N06.01
planten;koningsvaren;N06.01
planten;kraaihei;N06.01
planten;lavendelhei;N06.01
planten;moerasgaffeltandmos;N06.01
planten;moeraskartelblad;N06.01
planten;rietorchis;N06.01
planten;rode bosbes;N06.01
planten;rood veenmos;N06.01
planten;ronde zonnedauw;N06.01
planten;ruwe bies;N06.01
planten;slank wollegras;N06.01
planten;sterzegge;N06.01
planten;struikhei;N06.01
planten;veenmosorchis;N06.01
planten;vleeskleurige orchis;N06.01
planten;waterdrieblad;N06.01
planten;welriekende nachtorchis;N06.01
planten;wilde gagel;N06.01
planten;blauwe zeedistel;N08.01
planten;duinrus s.s.;N08.01
planten;gele hoornpapaver;N08.01
planten;gelobde melde;N08.01
planten;stekend loogkruid;N08.01
planten;strandduizendguldenkruid;N08.01
planten;zeekool;N08.01
planten;zeepostelein;N08.01
planten;zeeraket;N08.01
planten;zeewinde;N08.01
planten;zeewolfsmelk;N08.01
planten;blonde zegge;N06.02
planten;draadrus;N06.02
planten;draadzegge;N06.02
planten;geelhartje;N06.02
planten;groenknolorchis;N06.02
planten;klein blaasjeskruid;N06.02
planten;kleine valeriaan;N06.02
planten;knotszegge;N06.02
planten;moeraskartelblad;N06.02
planten;moeraswespenorchis;N06.02
planten;paardenhaarzegge;N06.02
planten;parnassia;N06.02
planten;plat blaasjeskruid;N06.02
planten;ronde zegge;N06.02
planten;rood schorpioenmos;N06.02
planten;ruw kransblad;N06.02
planten;slank wollegras;N06.02
planten;Spaanse ruiter;N06.02
planten;stijf struisriet;N06.02
planten;sterrengoudmos;N06.02
planten;trilveenveenmos;N06.02
planten;tweehuizige zegge;N06.02
planten;veenmosorchis;N06.02
planten;vleeskleurige orchis;N06.02
planten;vlozegge;N06.02
planten;waterdrieblad;N06.02
planten;bochtige klaver;N15.02
planten;bosanemoon;N15.02
planten;dalkruid;N15.02
planten;dennenorchis;N15.02
planten;dennenwolfsklauw;N15.02
planten;dubbelloof;N15.02
planten;Duitse brem;N15.02
planten;echte guldenroede;N15.02
planten;fraai hertshooi;N15.02
planten;gebogen driehoeksvaren;N15.02
planten;geschubde mannetjesvaren;N15.02
planten;gewone salomonszegel;N15.02
planten;grote veldbies;N15.02
planten;hengel;N15.02
planten;klein wintergroen;N15.02
planten;kleine keverorchis;N15.02
planten;koningsvaren;N15.02
planten;kranssalomonszegel;N15.02
planten;lelietje-van-dalen;N15.02
planten;linnaeusklokje;N15.02
planten;mispel;N15.02
planten;ruige veldbies;N15.02
planten;schaduwkruiskruid;N15.02
planten;steenbraam;N15.02
planten;stekende wolfsklauw;N15.02
planten;stengelloze sleutelbloem;N15.02
planten;stippelvaren;N15.02
planten;stofzaad;N15.02
planten;valse salie;N15.02
planten;valse zandzegge;N15.02
planten;wilde narcis s.s.;N15.02
planten;witte klaverzuring;N15.02
planten;witte veldbies;N15.02
planten;zevenster;N15.02
planten;Zweedse kornoelje;N15.02
planten;bochtige klaver;N12.02
planten;echte koekoeksbloem;N12.02
planten;gewone brunel;N12.02
planten;gewone margriet;N12.02
planten;grote ratelaar;N12.02
planten;kamgras;N12.02
planten;karwijvarkenskervel;N12.02
planten;klavervreter;N12.02
planten;klein vogelpootje;N12.02
planten;knolvossenstaart;N12.02
planten;knoopkruid;N12.02
planten;moerasstruisgras;N12.02
planten;muizenoor;N12.02
planten;polei;N12.02
planten;spits havikskruid;N12.02
planten;waterkruiskruid;N12.02
planten;witte munt;N12.02
planten;zwarte zegge;N12.02
planten;bosaardbei;N15.01
planten;bosanemoon;N15.01
planten;bottelroos;N15.01
planten;dalkruid;N15.01
planten;dennenorchis;N15.01
planten;donderkruid;N15.01
planten;dubbelloof;N15.01
planten;gebogen driehoeksvaren;N15.01
planten;glad parelzaad;N15.01
planten;grote keverorchis;N15.01
planten;hengel;N15.01
planten;klein wintergroen;N15.01
planten;laurierwilg;N15.01
planten;lelietje van dalen;N15.01
planten;ruig viooltje;N15.01
planten;ruige veldbies;N15.01
planten;stekende wolfsklauw;N15.01
planten;stengelloze sleutelbloem;N15.01
planten;stofzaad;N15.01
planten;vogelnestje;N15.01
planten;tongvaren;N15.01
planten;valse zandzegge;N15.01
planten;voorjaarshelmkruid;N15.01
planten;welriekende salomonszegel;N15.01
planten;wilde hyacint;N15.01
planten;brakwaterkransblad;N04.01
planten;brokkelig kransblad;N04.01
planten;donker glanswier;N04.01
planten;doorschijnend glanswier;N04.01
planten;fijnstekelig kransblad;N04.01
planten;gebogen kransblad;N04.01
planten;groot boomglanswier;N04.01
planten;harig kransblad;N04.01
planten;klein boomglanswier;N04.01
planten;klein glanswier;N04.01
planten;kleinhoofdig glanswier;N04.01
planten;kraaltjesglanswier;N04.01
planten;kroontjeskransblad;N04.01
planten;kustkransblad;N04.01
planten;puntdragend glanswier;N04.01
planten;ruw kransblad;N04.01
planten;sierlijk glanswier;N04.01
planten;stekelharig kransblad;N04.01
planten;sterkranswier;N04.01
planten;teer kransblad;N04.01
planten;vertakt boomglanswier;N04.01
planten;vruchtrijk glanswier.;N04.01
planten;brede waterpest;N04.02
planten;doorgroeid fonteinkruid;N04.02
planten;drijvende waterweegbree;N04.02
planten;drijvend fonteinkruid;N04.02
planten;fijn hoornblad;N04.02
planten;fijne waterranonkel;N04.02
planten;gesteeld sterrenkroos;N04.02
planten;glanzig fonteinkruid;N04.02
planten;groot blaasjeskruid;N04.02
planten;groot nimfkruid;N04.02
planten;grote waterranonkel;N04.02
planten;haaksterrenkroos;N04.02
planten;kikkerbeet;N04.02
planten;krabbenscheer;N04.02
planten;kransvederkruid;N04.02
planten;langstengelig fonteinkruid;N04.02
planten;oeverkruid;N04.02
planten;ongelijkbladig fonteinkruid;N04.02
planten;paarbladig fonteinkruid;N04.02
planten;plat fonteinkruid;N04.02
planten;puntig fonteinkruid;N04.02
planten;rond sterrenkroos;N04.02
planten;rossig fonteinkruid;N04.02
planten;spits fonteinkruid;N04.02
planten;stomp fonteinkruid;N04.02
planten;stomphoekig sterrenkroos;N04.02
planten;stijve waterranonkel;N04.02
planten;teer vederkruid;N04.02
planten;watergentiaan;N04.02
planten;waterviolier;N04.02
planten;zittende zannichellia;N04.02
planten;brede waterpest;N04.04
planten;doorgroeid fonteinkruid;N04.04
planten;fijne waterranonkel;N04.04
planten;glanzig fonteinkruid;N04.04
planten;groot nimfkruid;N04.04
planten;kransvederkruid;N04.04
planten;langstengelig fonteinkruid;N04.04
planten;plat fonteinkruid;N04.04
planten;puntig fonteinkruid;N04.04
planten;stomp fonteinkruid;N04.04
planten;stijve waterranonkel;N04.04
planten;zittende zannichellia;N04.04
planten;donker glanswier;N06.05
planten;doorschijnend glanswier;N06.05
planten;draadgentiaan;N06.05
planten;draadzegge;N06.05
planten;drijvende waterweegbree;N06.05
planten;duizendknoopfonteinkruid;N06.05
planten;dwergvlas;N06.05
planten;gesteeld glaskroos;N06.05
planten;grote biesvaren;N06.05
planten;klein glaskroos;N06.05
planten;kleine biesvaren;N06.05
planten;kleinhoofdig glanswier;N06.05
planten;kleinste egelskop;N06.05
planten;kraaltjesglanswier;N06.05
planten;kruipende moerasweegbree;N06.05
planten;moerashertshooi;N06.05
planten;moerassmele;N06.05
planten;oeverkruid;N06.05
planten;ondergedoken moerasscherm;N06.05
planten;ongelijkbladig fonteinkruid;N06.05
planten;pilvaren;N06.05
planten;plat blaasjeskruid;N06.05
planten;stijve moerasweegbree;N06.05
planten;teer guichelheil;N06.05
planten;teer vederkruid;N06.05
planten;veelstengelige waterbies;N06.05
planten;vlottende bies;N06.05
planten;waterlobelia;N06.05
planten;waterpostelein;N06.05
planten;witte waterranonkel;N06.05
planten;doorgroeid fonteinkruid;N05.01
planten;draadzegge;N05.01
planten;driekantige bies;N05.01
planten;echt lepelblad;N05.01
planten;galigaan;N05.01
planten;genadekruid;N05.01
planten;gevleugeld hertshooi;N05.01
planten;gewone dotterbloem;N05.01
planten;heemst;N05.01
planten;klein blaasjeskruid;N05.01
planten;kleine valeriaan;N05.01
planten;kleinste egelskop;N05.01
planten;krabbenscheer;N05.01
planten;lange ereprijs;N05.01
planten;lidsteng;N05.01
planten;moeraskartelblad;N05.01
planten;moeraslathyrus;N05.01
planten;moerasmelkdistel;N05.01
planten;moerasvaren;N05.01
planten;moeraswolfsmelk;N05.01
planten;poelruit;N05.01
planten;rietorchis;N05.01
planten;ruwe bies;N05.01
planten;rijstgras;N05.01
planten;selderij;N05.01
planten;slangenwortel;N05.01
planten;spindotterbloem;N05.01
planten;stijf struisriet;N05.01
planten;vleeskleurige orchis;N05.01
planten;voszegge;N05.01
planten;waterdrieblad;N05.01
planten;waterlepeltje;N05.01
planten;waterscheerling;N05.01
planten;zilt torkruid;N05.01
planten;zomerklokje;N05.01
planten;draadzegge;N06.06
planten;drijvende egelskop;N06.06
planten;klein blaasjeskruid;N06.06
planten;kleine veenbes;N06.06
planten;kleinste egelskop;N06.06
planten;hoogveenveenmos;N06.06
planten;lavendelhei;N06.06
planten;slangenwortel;N06.06
planten;veenbloembies;N06.06
planten;veenmosorchis;N06.06
planten;witte snavelbies;N06.06
planten;wrattig veenmos;N06.06
planten;draadzegge;N14.02
planten;eenarig wollegras;N14.02
planten;galigaan;N14.02
planten;glanzend veenmos;N14.02
planten;hoogveenveenmos;N14.02
planten;kamvaren;N14.02
planten;kleine veenbes;N14.02
planten;koningsvaren;N14.02
planten;laurierwilg;N14.02
planten;lavendelhei;N14.02
planten;moeraslathyrus;N14.02
planten;moeraswolfsmelk;N14.02
planten;paardenhaarzegge;N14.02
planten;poelruit;N14.02
planten;rood veenmos;N14.02
planten;rijsbes;N14.02
planten;slank wollegras;N14.02
planten;slanke zegge;N14.02
planten;sterzegge;N14.02
planten;stijf veenmos;N14.02
planten;stijve zegge;N14.02
planten;violet veenmos;N14.02
planten;wateraardbei;N14.02
planten;waterdrieblad;N14.02
planten;waterviolier;N14.02
planten;wilde gagel;N14.02
planten;wrattig veenmos;N14.02
planten;dwergviltkruid;N07.02
planten;ezelspootje;N07.02
planten;grasklokje;N07.02
planten;grote tijm;N07.02
planten;hamerblaadje;N07.02
planten;heidespurrie;N07.02
planten;hondsviooltje;N07.02
planten;jeneverbes;N07.02
planten;klein tasjeskruid;N07.02
planten;oeverkruid;N07.02
planten;slank stapelbekertje;N07.02
planten;stuifzandkorrelloof;N07.02
planten;stuifzandstapelbekertje;N07.02
planten;tandjesgras;N07.02
planten;vroege haver;N07.02
planten;wollig korrelloof;N07.02
planten;IJslands mos;N07.02
planten;zandblauwtje;N07.02
planten;zilverhaver;N07.02
vissen;alver;N02.01
vissen;barbeel;N02.01
vissen;beekforel;N02.01
vissen;bermpje;N02.01
vissen;bot;N02.01
vissen;elft;N02.01
vissen;elrits;N02.01
vissen;fint;N02.01
vissen;gestippelde alver;N02.01
vissen;houting;N02.01
vissen;kopvoorn;N02.01
vissen;kwabaal;N02.01
vissen;paling;N02.01
vissen;rivierdonderpad;N02.01
vissen;riviergrondel;N02.01
vissen;rivierprik;N02.01
vissen;serpeling;N02.01
vissen;spiering;N02.01
vissen;sneep;N02.01
vissen;steur;N02.01
vissen;winde;N02.01
vissen;zalm;N02.01
vissen;zeeforel;N02.01
vissen;zeeprik;N02.01
vissen;grote modderkruiper;N02.01
vissen;kleine modderkruiper;N02.01
vissen;kroeskarper;N02.01
vissen;paling;N02.01
vissen;ruisvoorn;N02.01
vissen;snoek;N02.01
vissen;tiendoornige stekelbaars;N02.01
vissen;vetje;N02.01
vissen;winde;N02.01
vissen;zeelt;N02.01
vissen;ruisvoorn-snoek;N02.01
vissen;adderzeenaald;N01.01
vissen;botervis;N01.01
vissen;diklipharder;N01.01
vissen;grote pieterman;N01.01
vissen;kleine pieterman;N01.01
vissen;stekelrog;N01.01
vissen;tong;N01.01
vissen;vijfdradige meun;N01.01
vissen;zeestekelbaars;N01.01
vissen;alver;N04.04
vissen;baars;N04.04
vissen;bittervoorn;N04.04
vissen;blankvoorn;N04.04
vissen;brasem;N04.04
vissen;driedoornige stekelbaars;N04.04
vissen;grote modderkruiper;N04.04
vissen;karper;N04.04
vissen;kleine modderkruiper;N04.04
vissen;kolblei;N04.04
vissen;kroeskarper;N04.04
vissen;kwabaal;N04.04
vissen;meerval;N04.04
vissen;paling;N04.04
vissen;pos;N04.04
vissen;rivierdonderpad;N04.04
vissen;riviergrondel;N04.04
vissen;ruisvoorn;N04.04
vissen;snoek;N04.04
vissen;snoekbaars;N04.04
vissen;tiendoornige stekelbaars;N04.04
vissen;vetje;N04.04
vissen;winde;N04.04
vissen;zeelt;N04.04
vissen;ansjovis;N04.04
vissen;bot;N04.04
vissen;botervis;N04.04
vissen;brakwatergrondel;N04.04
vissen;dikkopje;N04.04
vissen;driedoornige stekelbaars;N04.04
vissen;elft;N04.04
vissen;fint;N04.04
vissen;geep;N04.04
vissen;glasgrondel;N04.04
vissen;griet;N04.04
vissen;grote zeenaald;N04.04
vissen;haring;N04.04
vissen;harnasman;N04.04
vissen;houting;N04.04
vissen;kabeljauw;N04.04
vissen;kleine zeenaald;N04.04
vissen;koornaarvis;N04.04
vissen;paling;N04.04
vissen;puitaal;N04.04
vissen;rivierprik;N04.04
vissen;rode poon;N04.04
vissen;schar;N04.04
vissen;schol;N04.04
vissen;snotolf;N04.04
vissen;spiering;N04.04
vissen;sprot;N04.04
vissen;steenbolk;N04.04
vissen;steur;N04.04
vissen;tarbot;N04.04
vissen;tong;N04.04
vissen;vijfdradige meun;N04.04
vissen;wijting;N04.04
vissen;zalm;N04.04
vissen;zandspiering;N04.04
vissen;zeebaarsdiklipharder;N04.04
vissen;zeedonderpad;N04.04
vissen;zeeforel;N04.04
vissen;zeeprik;N04.04
vissen;zwarte grondel;N04.04
vissen;barbeel;N03.01
vissen;beekforel;N03.01
vissen;beekprik;N03.01
vissen;bermpje;N03.01
vissen;elrits;N03.01
vissen;gestippelde alver;N03.01
vissen;kopvoorn;N03.01
vissen;kwabaal;N03.01
vissen;rivierdonderpad;N03.01
vissen;riviergrondel;N03.01
vissen;rivierprik;N03.01
vissen;serpeling;N03.01
vissen;sneep;N03.01
vissen;Beekrombout;N03.01
vissen;vlagzalm;N03.01
vissen;winde;N03.01
vissen;bittervoorn;N04.02
vissen;grote modderkruiper;N04.02
vissen;kleine modderkruiper;N04.02
vissen;kroeskarper;N04.02
vissen;kwabaal;N04.02
vissen;paling;N04.02
vissen;rivierdonderpad;N04.02
vissen;riviergrondel;N04.02
vissen;ruisvoorn;N04.02
vissen;snoek;N04.02
vissen;tiendoornige stekelbaars;N04.02
vissen;vetje;N04.02
vissen;zeelt;N04.02
vissen;bittervoorn;N04.01
vissen;kleine modderkruiper;N04.01
vissen;kwabaal;N04.01
vissen;paling;N04.01
vissen;rivierdonderpad;N04.01
vissen;riviergrondel;N04.01
vissen;ruisvoorn;N04.01
vissen;snoek;N04.01
vissen;tiendoornige stekelbaars;N04.01
vissen;vetje;N04.01
vissen;bot;N04.03
vissen;botervis;N04.03
vissen;brakwatergrondel;N04.03
vissen;dikkopje;N04.03
vissen;driedoornige stekelbaars;N04.03
vissen;glasgrondel;N04.03
vissen;grote koornaarvis;N04.03
vissen;grote zeenaald;N04.03
vissen;harnasman;N04.03
vissen;houting;N04.03
vissen;kleine zeenaald;N04.03
vissen;paling;N04.03
vissen;puitaal;N04.03
vissen;slakdolf;N04.03
vissen;spiering;N04.03
vissen;zandspiering;N04.03
vissen;zeedonderpad;N04.03
vissen;zwarte grondel;N04.03
vogels;aalscholver;N04.04
vogels;dwergmeeuw;N04.04
vogels;kuifduiker;N04.04
vogels;nonnetje;N04.04
vogels;Dodaarsgroep;N04.04
vogels;slobeend-groep;N04.04
vogels;Kuif-eend-groep;N04.04
vogels;Roerdomp-groep;N04.04
vogels;Porseleinhoen-groep;N04.04
vogels;dodaars;N04.04
vogels;geoorde fuut;N04.04
vogels;kuifduiker;N04.04
vogels;middelste zaagbek;N04.04
vogels;slobeend-groep;N04.04
vogels;Kuifeend-groep;N04.04
vogels;Roerdomp-groep;N04.04
vogels;Rietzanger-groep;N04.04
vogels;Porseleinhoen-groep;N04.04
vogels;Blauwborst-groep;N04.04
winter- en trekvogels;fuut;N01.02
winter- en trekvogels;aalscholver;N01.02
winter- en trekvogels;lepelaar;N01.02
winter- en trekvogels;kleine zwaan;N01.02
winter- en trekvogels;toendrarietgans;N01.02
winter- en trekvogels;grauwe gans;N01.02
winter- en trekvogels;brandgans;N01.02
winter- en trekvogels;rotgans;N01.02
winter- en trekvogels;bergeend;N01.02
winter- en trekvogels;smient;N01.02
winter- en trekvogels;krakeend;N01.02
winter- en trekvogels;wintertaling;N01.02
winter- en trekvogels;wilde eend;N01.02
winter- en trekvogels;pijlstaart;N01.02
winter- en trekvogels;slobeend;N01.02
winter- en trekvogels;toppereend;N01.02
winter- en trekvogels;eider;N01.02
winter- en trekvogels;brilduiker;N01.02
winter- en trekvogels;middelste zaagbek;N01.02
winter- en trekvogels;grote zaagbek;N01.02
winter- en trekvogels;slechtvalk;N01.02
winter- en trekvogels;scholekster;N01.02
winter- en trekvogels;kluut;N01.02
winter- en trekvogels;bontbekplevier;N01.02
winter- en trekvogels;goudplevier;N01.02
winter- en trekvogels;zilverplevier;N01.02
winter- en trekvogels;kievit;N01.02
winter- en trekvogels;kanoet;N01.02
winter- en trekvogels;drieteenstrandloper;N01.02
winter- en trekvogels;krombekstrandloper;N01.02
winter- en trekvogels;bonte strandloper;N01.02
winter- en trekvogels;grutto;N01.02
winter- en trekvogels;rosse grutto;N01.02
winter- en trekvogels;wulp;N01.02
winter- en trekvogels;zwarte ruiter;N01.02
winter- en trekvogels;tureluur;N01.02
winter- en trekvogels;groenpootruiter;N01.02
winter- en trekvogels;steenloper;N01.02
winter- en trekvogels;zwarte stern.;N01.02
winter- en trekvogels;fuut;N01.03
winter- en trekvogels;aalscholver;N01.03
winter- en trekvogels;lepelaar;N01.03
winter- en trekvogels;kleine zwaan;N01.03
winter- en trekvogels;toendrarietgans;N01.03
winter- en trekvogels;grauwe gans;N01.03
winter- en trekvogels;brandgans;N01.03
winter- en trekvogels;rotgans;N01.03
winter- en trekvogels;bergeend;N01.03
winter- en trekvogels;smient;N01.03
winter- en trekvogels;krakeend;N01.03
winter- en trekvogels;wintertaling;N01.03
winter- en trekvogels;wilde eend;N01.03
winter- en trekvogels;pijlstaart;N01.03
winter- en trekvogels;slobeend;N01.03
winter- en trekvogels;toppereend;N01.03
winter- en trekvogels;eider;N01.03
winter- en trekvogels;brilduiker;N01.03
winter- en trekvogels;middelste zaagbek;N01.03
winter- en trekvogels;grote zaagbek;N01.03
winter- en trekvogels;slechtvalk;N01.03
winter- en trekvogels;scholekster;N01.03
winter- en trekvogels;kluut;N01.03
winter- en trekvogels;bontbekplevier;N01.03
winter- en trekvogels;goudplevier;N01.03
winter- en trekvogels;zilverplevier;N01.03
winter- en trekvogels;kievit;N01.03
winter- en trekvogels;kanoet;N01.03
winter- en trekvogels;drieteenstrandloper;N01.03
winter- en trekvogels;krombekstrandloper;N01.03
winter- en trekvogels;bonte strandloper;N01.03
winter- en trekvogels;grutto;N01.03
winter- en trekvogels;rosse grutto;N01.03
winter- en trekvogels;wulp;N01.03
winter- en trekvogels;zwarte ruiter;N01.03
winter- en trekvogels;tureluur;N01.03
winter- en trekvogels;groenpootruiter;N01.03
winter- en trekvogels;steenloper;N01.03
winter- en trekvogels;zwarte stern.;N01.03
wintergasten;brandgans;N13.02
wintergasten;dwerggans;N13.02
wintergasten;grauwe gans;N13.02
wintergasten;kleine rietgans;N13.02
wintergasten;kleine zwaan;N13.02
wintergasten;kolgans;N13.02
wintergasten;rotgans;N13.02
wintergasten;smient;N13.02
wintergasten;taigarietgans;N13.02
wintergasten;toendrarietgans;N13.02
wintergasten;wilde zwaan;N13.02
zeezoogdieren;bruinvis;N01.01
zeezoogdieren;gewone zeehond;N01.01
